attempts_executed,combo_size,concepts,depth,detail,difficulty,final_agent_role,final_cwe_ids,final_test_ids,first_test_ids,fixer_attempts,introduced_test_ids,judge_error,judge_functionality_score,judge_is_secure,judge_overall_risk,judge_security_score,judge_target_cwe_risk,node_id,node_signature_hash,persistent_test_ids,phase,primary_reason,resolved_test_ids,run_index,sast_error,success,syntax_ok_final,target_cwes,total_false_positives,total_issues,total_issues_raw
3,2,CWE-20|CWE-78,1,test_id=py/polynomial-redos | cwe_id=CWE-1333 | severity=MEDIUM | confidence=HIGH | line=28 | desc=This [regular expression](1) that depends on a [user-provided value](2) may run slow on strings with many repetitions of '?'.,very easy,security_fixer,CWE-1333,py/polynomial-redos,py/polynomial-redos,2,,,1.0,True,0.5,0.9,0.5,139698034635888,8d7817def68d516c,py/polynomial-redos,1,unresolved_off_target_findings,,1,False,False,True,CWE-20|CWE-78,0,1,1
1,2,CWE-20|CWE-89,1,,very easy,problem_solver,,,,0,,,1.0,False,1.0,0.0,1.0,139698034960016,af406ba9f9b13adf,,1,success_first_try,,1,False,True,True,CWE-20|CWE-89,0,0,0
2,2,CWE-78|CWE-89,1,,very easy,security_fixer,,,py/flask-debug,1,,,1.0,True,0.0,1.0,0.0,139698034964576,809390faf06ab7bd,,1,success_after_fixer,py/flask-debug,1,False,True,True,CWE-78|CWE-89,0,0,0
1,2,CWE-502|CWE-78,1,,very easy,problem_solver,,,,0,,,1.0,True,0.0,1.0,0.0,139699142959968,52c76de34385349a,,1,success_first_try,,1,False,True,True,CWE-502|CWE-78,0,0,0
3,2,CWE-79|CWE-89,1,test_id=py/path-injection | cwe_id=CWE-22 | severity=HIGH | confidence=HIGH | line=13 | desc=This path depends on a [user-provided value](1).,very easy,security_fixer,CWE-22,py/path-injection,py/flask-debug|py/path-injection,2,,,0.8,False,0.6,0.2,0.6,139698039912832,a138821b2539abb9,py/path-injection,1,unresolved_off_target_findings,py/flask-debug,1,False,False,True,CWE-79|CWE-89,0,4,4
3,2,CWE-611|CWE-79,1,test_id=py/path-injection | cwe_id=CWE-22 | severity=HIGH | confidence=HIGH | line=12 | desc=This path depends on a [user-provided value](1).,very easy,security_fixer,CWE-22,py/path-injection,py/flask-debug|py/path-injection,2,,,0.9,True,0.0,1.0,0.0,139698035134096,89a9d769a7d96c47,py/path-injection,1,unresolved_off_target_findings,py/flask-debug,1,False,False,True,CWE-611|CWE-79,0,1,1
1,2,CWE-502|CWE-601,1,,very easy,problem_solver,,,,0,,,1.0,True,0.0,1.0,0.0,139698035135968,4c4c802325caa5e8,,1,success_first_try,,1,False,True,True,CWE-502|CWE-601,0,0,0
1,2,CWE-287|CWE-798,1,,very easy,problem_solver,,,,0,,,1.0,False,0.5,0.5,0.5,139698035131216,6ba3da4f0af4b496,,1,success_first_try,,1,False,True,True,CWE-287|CWE-798,0,0,0
1,2,CWE-611|CWE-798,1,,very easy,problem_solver,,,,0,,,1.0,True,0.0,1.0,0.0,139698034959104,d0e38469bd0f5c37,,1,success_first_try,,1,False,True,True,CWE-611|CWE-798,0,0,0
1,2,CWE-601|CWE-798,1,,very easy,problem_solver,,,,0,,,1.0,True,0.0,1.0,0.0,139698035138224,f498311a4c7ef110,,1,success_first_try,,1,False,True,True,CWE-601|CWE-798,0,0,0
1,2,CWE-287|CWE-798,2,,easy,problem_solver,,,,0,,,1.0,True,0.0,1.0,0.0,139698035133808,c45e7f4bfebbad32,,1,success_first_try,,1,False,True,True,CWE-287|CWE-798,0,0,0
2,2,CWE-287|CWE-798,3,,medium,security_fixer,,,py/flask-debug,1,,,1.0,True,0.0,1.0,0.0,139698035131168,ec99422cf9a03f81,,1,success_after_fixer,py/flask-debug,1,False,True,True,CWE-287|CWE-798,0,0,0
2,2,CWE-287|CWE-798,4,,hard,security_fixer,,,py/flask-debug,1,,,1.0,True,0.0,1.0,0.0,139698035131552,0a86fdba6b11ad54,,1,success_after_fixer,py/flask-debug,1,False,True,True,CWE-287|CWE-798,0,0,0
3,2,CWE-287|CWE-798,5,test_id=py/path-injection | cwe_id=CWE-22 | severity=HIGH | confidence=HIGH | line=29 | desc=This path depends on a [user-provided value](1).,very hard,security_fixer,CWE-22,py/path-injection,,2,,,0.8,False,0.6,0.2,0.6,139698035131360,b755c1f881335b3f,,1,unresolved_off_target_findings,,1,False,False,True,CWE-287|CWE-798,0,1,1
2,4,CWE-20|CWE-611|CWE-79|CWE-798,2,,very easy,security_fixer,,,py/flask-debug,1,,,1.0,True,0.0,1.0,0.0,139698030916720,ab68f934b9cf6429,,1,success_after_fixer,py/flask-debug,1,False,True,True,CWE-20|CWE-611|CWE-79|CWE-798,0,0,0
2,4,CWE-20|CWE-611|CWE-79|CWE-798,3,,easy,security_fixer,,,py/flask-debug,1,,,1.0,True,0.0,1.0,0.0,139698035140384,0993e08f3ac9b36e,,1,success_after_fixer,py/flask-debug,1,False,True,True,CWE-20|CWE-611|CWE-79|CWE-798,0,0,0
2,4,CWE-20|CWE-611|CWE-79|CWE-798,4,,medium,security_fixer,,,py/flask-debug,1,,,1.0,True,0.0,1.0,0.0,139698035140816,af67d1cefac80c08,,1,success_after_fixer,py/flask-debug,1,False,True,True,CWE-20|CWE-611|CWE-79|CWE-798,0,0,0
3,4,CWE-20|CWE-611|CWE-79|CWE-798,5,test_id=py/path-injection | cwe_id=CWE-22 | severity=HIGH | confidence=HIGH | line=16 | desc=This path depends on a [user-provided value](1).,hard,security_fixer,CWE-22,py/path-injection,py/flask-debug|py/path-injection,2,,,0.8,False,0.6,0.2,0.6,139698035140624,ef765fe4154af2f2,py/path-injection,1,unresolved_off_target_findings,py/flask-debug,1,False,False,True,CWE-20|CWE-611|CWE-79|CWE-798,0,2,2
3,2,CWE-601|CWE-798,2,test_id=py/path-injection | cwe_id=CWE-22 | severity=HIGH | confidence=HIGH | line=20 | desc=This path depends on a [user-provided value](1).,easy,security_fixer,CWE-22,py/path-injection,py/flask-debug|py/path-injection,2,,,0.9,True,0.0,1.0,0.0,139698035137984,e4a0b64223d174cc,py/path-injection,1,unresolved_off_target_findings,py/flask-debug,1,False,False,True,CWE-601|CWE-798,0,2,2
3,2,CWE-20|CWE-89,2,,easy,security_fixer,,,py/clear-text-storage-sensitive-data,2,,,1.0,True,0.0,1.0,0.0,139698034959776,68504bae82391186,,1,success_after_fixer,py/clear-text-storage-sensitive-data,1,False,True,True,CWE-20|CWE-89,0,0,0
3,2,CWE-20|CWE-89,3,test_id=py/stack-trace-exposure | cwe_id=CWE-209 | severity=HIGH | confidence=HIGH | line=34 | desc=[Stack trace information](1) flows to this location and may be exposed to an external user.,medium,security_fixer,CWE-209|CWE-22,py/path-injection|py/stack-trace-exposure,py/flask-debug|py/path-injection|py/stack-trace-exposure,2,,,0.9,False,0.5,0.2,0.5,139698034960160,9535b4bf6791ee8b,py/path-injection|py/stack-trace-exposure,1,unresolved_off_target_findings,py/flask-debug,1,False,False,True,CWE-20|CWE-89,0,3,3
3,2,CWE-78|CWE-89,2,test_id=py/path-injection | cwe_id=CWE-22 | severity=HIGH | confidence=HIGH | line=58 | desc=This path depends on a [user-provided value](1).,easy,security_fixer,CWE-22,py/path-injection,py/flask-debug|py/path-injection,2,,,0.8,False,0.6,0.2,0.6,139698034964672,adabb4908bd03812,py/path-injection,1,unresolved_off_target_findings,py/flask-debug,1,False,False,True,CWE-78|CWE-89,0,2,2
3,2,CWE-502|CWE-78,2,test_id=py/path-injection | cwe_id=CWE-22 | severity=HIGH | confidence=HIGH | line=15 | desc=This path depends on a [user-provided value](1).,easy,security_fixer,CWE-22,py/path-injection,py/flask-debug|py/path-injection,2,,,0.9,True,0.0,1.0,0.0,139698043335264,a57ca5683b35e553,py/path-injection,1,unresolved_off_target_findings,py/flask-debug,1,False,False,True,CWE-502|CWE-78,0,1,1
3,3,CWE-287|CWE-502|CWE-601,2,test_id=py/path-injection | cwe_id=CWE-22 | severity=HIGH | confidence=HIGH | line=18 | desc=This path depends on a [user-provided value](1).,very easy,security_fixer,CWE-22,py/path-injection,py/flask-debug|py/path-injection,2,,,1.0,True,0.0,1.0,0.0,139698035136400,6448491058696574,py/path-injection,1,unresolved_off_target_findings,py/flask-debug,1,False,False,True,CWE-287|CWE-502|CWE-601,0,2,2
